INSERT INTO admin(ID, password, name) VALUES ('admin', 'admin', '관리자');

select * from movies
INSERT INTO movies(m_code, m_name, m_director, m_actor, m_company, m_time, m_playDate, m_description, m_posterImg) VALUES ('M111111', '나쁜 녀석들', '아딜 엘 아르비', '윌 스미스, 마틴 로렌스', '컬럼비아 픽처스', '124', '2020-03-03', '마이애미 강력반의 베테랑 형사 ‘마이크’[윌 스미스]는 여전히 범죄자를 소탕하는 데 열성적이지만, 그의 파트너 ‘마커스’[마틴 로렌스]는 이제 일선에서 물러나 가족과 함께 시간을 보내고 싶어한다. 마커스의 은퇴를 만류하던 마이크가 정체를 알 수 없는 거대 조직의 위협을 받으며 일생일대의 위험에 빠지게 된다. 가족만큼 중요한 마이크를 위해 마커스가 합류하고, 우리의 ‘나쁜 녀석들’은 신식 무기와 기술을 장착한 루키팀 AMMO와 함께 힘을 합쳐 일생일대 마지막 미션을 수행하게 되는데…', 'badboys.jpg');
INSERT INTO movies(m_code, m_name, m_director, m_actor, m_company, m_time, m_playDate, m_description, m_posterImg) VALUES ('M121211', '기생충', '봉준호', '송강호, 이선균', 'CJ엔터테인먼트', '131', '2020-02-02', '전원백수로 살 길 막막하지만 사이는 좋은 기택(송강호) 가족. 장남 기우(최우식)에게 명문대생 친구가 연결시켜 준 고액 과외 자리는 모처럼 싹튼 고정수입의 희망이다. 온 가족의 도움과 기대 속에 박사장(이선균) 집으로 향하는 기우. 글로벌 IT기업 CEO인 박사장의 저택에 도착하자 젊고 아름다운 사모님 연교(조여정)가 기우를 맞이한다.  그러나 이렇게 시작된 두 가족의 만남 뒤로, 걷잡을 수 없는 사건이 기다리고 있었으니…', 'parasite.jpg');
INSERT INTO movies(m_code, m_name, m_director, m_actor, m_company, m_time, m_playDate, m_description, m_posterImg) VALUES ('M242224', '1917', '샘 멘데스', '조지 맥케이, 콜린 퍼스', '유니버설 픽처스', '119', '2020-02-15', '제1차 세계대전이 한창인 1917년. 독일군에 의해 모든 통신망이 파괴된 상황 속에서 영국군 병사 스코필드(조지 맥케이)와 블레이크(딘-찰스 채프먼)에게 하나의 미션이 주어졌다. 함정에 빠진 영국군 부대의 수장 매켄지 중령(베네딕트 컴버배치)에게 에린무어 장군(콜린 퍼스)의 공격 중지 명령을 전하는 것! 둘은 1600명의 아군과 블레이크의 형(리차드 매든)을 구하기 위해 전쟁터 한복판을 가로지르며 사투를 이어가는데...', 'N1.jpg');
INSERT INTO movies(m_code, m_name, m_director, m_actor, m_company, m_time, m_playDate, m_description, m_posterImg) VALUES ('M275691', '조조 래빗', '타이카 와', '스칼렛 요한슨, 로만 그리핀 데이비스', '월트 디즈니 스튜디오', '108', '2020-02-02', '제2차 세계대전 말기, 엄마 로지(스칼렛 요한슨)와 단둘이 살고 있는 10살 소년 조조(로만 그리핀 데이비스). 원하던 독일 소년단에 입단하지만 겁쟁이 토끼라 놀림 받을 뿐이다. 상심한 조조에게 상상 속 친구 히틀러(타이카 와이티티)는 유일한 위안이 된다. 조조는 어느 날 우연히 집에 몰래 숨어 있던 미스터리한 소녀 엘사(토마신 맥켄지)를 발견하게 된다. 세상에서 가장 위험한 인물이 왜 여기에?! 당신을 웃긴 만큼 따뜻하게 안아줄 이야기가 펼쳐진다!', 'N5.jpg');
INSERT INTO movies(m_code, m_name, m_director, m_actor, m_company, m_time, m_playDate, m_description, m_posterImg) VALUES ('M411483', '작은 아씨들', '그레타 거윅', '시얼샤 로넌, 엠마 왓슨', '소니 픽처스', '135', '2020-02-12', '배우가 되고 싶은 첫째 메그(엠마 왓슨) 작가가 되고 싶은 둘째 조(시얼샤 로넌) 음악가가 되고 싶은 셋째 베스(엘리자 스캔런) 화가가 되고 싶은 막내 에이미(플로렌스 퓨) 이웃집 소년 로리(티모시 샬라메)는 네 자매를 우연히 알게되고 각기 다른 개성의 네 자매들과 인연을 쌓아간다. 7년 후, 어른이 된 그들에겐 각기 다른 숙제가 놓이게 되는데…', 'N2.jpg');

INSERT INTO theater(theater_code, theater_name, theater_area) VALUES ('T111111', '서울', '강동');
INSERT INTO theater(theater_code, theater_name, theater_area) VALUES ('T121212', '서울', '논현');
INSERT INTO theater(theater_code, theater_name, theater_area) VALUES ('T232323', '서울', '성수');
INSERT INTO theater(theater_code, theater_name, theater_area) VALUES ('T357545', '경기', '일산');
INSERT INTO theater(theater_code, theater_name, theater_area) VALUES ('T381542', '경기', '남양주');
INSERT INTO theater(theater_code, theater_name, theater_area) VALUES ('T421568', '경기', '백석');
INSERT INTO theater(theater_code, theater_name, theater_area) VALUES ('T431548', '인천', '검단');
INSERT INTO theater(theater_code, theater_name, theater_area) VALUES ('T546111', '인천', '송도');
INSERT INTO theater(theater_code, theater_name, theater_area) VALUES ('T745868', '인천', '영종');

INSERT INTO screen(screen_code, screen_name, theater_code, seats_total, screen_price, seat_code) VALUES ('AT111111', 'A관', 'T111111', 196, 10000, 'A1 A2 A3 A4 A5 A6 A7 A8 A9 A10 A11 A12 A13 A14 B1 B2 B3 B4 B5 B6 B7 B8 B9 B10 B11 B12 B13 B14 C1 C2 C3 C4 C5 C6 C7 C8 C9 C10 C11 C12 C13 C14 D1 D2 D3 D4 D5 D6 D7 D8 D9 D10 D11 D12 D13 D14 E1 E2 E3 E4 E5 E6 E7 E8 E9 E10 E11 E12 E13 E14 F1 F2 F3 F4 F5 F6 F7 F8 F9 F10 F11 F12 F13 F14 G1 G2 G3 G4 G5 G6 G7 G8 G9 G10 G11 G12 G13 G14 H1 H2 H3 H4 H5 H6 H7 H8 H9 H10 H11 H12 H13 H14 I1 I2 I3 I4 I5 I6 I7 I8 I9 I10 I11 I12 I13 I14 J1 J2 J3 J4 J5 J6 J7 J8 J9 J10 J11 J12 J13 J14 K1 K2 K3 K4 K5 K6 K7 K8 K9 K10 K11 K12 K13 K14 L1 L2 L3 L4 L5 L6 L7 L8 L9 L10 L11 L12 L13 L14 M1 M2 M3 M4 M5 M6 M7 M8 M9 M10 M11 M12 M13 M14 N1 N2 N3 N4 N5 N6 N7 N8 N9 N10 N11 N12 N13 N14');
INSERT INTO screen(screen_code, screen_name, theater_code, seats_total, screen_price, seat_code) VALUES ('BT111111', 'B관', 'T111111', 165, 11000, 'A6 A7 A8 A9 A10 A11 A12 B6 B7 B8 B9 B10 B11 B12 C1 C2 C6 C7 C8 C9 C10 C11 C12 C13 C14 D1 D2 D6 D7 D8 D9 D10 D11 D12 D13 D14 E1 E2 E3 E4 E5 E6 E7 E8 E9 E10 E11 E12 E13 E14 F1 F2 F3 F4 F5 F6 F7 F8 F9 F10 F11 F12 F13 F14 G1 G2 G3 G4 G5 G6 G7 G8 G9 G10 G11 G12 G13 G14 H1 H2 H3 H4 H5 H6 H7 H8 H9 H10 H11 H12 H13 H14 I3 I4 I5 I6 I7 I8 I9 I10 I11 I12 I13 I14 J3 J4 J5 J6 J7 J8 J9 J10 J11 J12 J13 J14 K3 K4 K5 K6 K7 K8 K9 K10 K11 K12 K13 K14 L3 L4 L5 L6 L7 L8 L9 L10 L11 L12 L13 L14 M3 M4 M5 M6 M7 M8 M9 M10 M11 M12 M13 M14 N3 N4 N5 N6 N7 N8 N9 N10 N11 N12 N13 N14');
INSERT INTO screen(screen_code, screen_name, theater_code, seats_total, screen_price, seat_code) VALUES ('AT121212', 'A관', 'T121212', 196, 10000, 'A1 A2 A3 A4 A5 A6 A7 A8 A9 A10 A11 A12 A13 A14 B1 B2 B3 B4 B5 B6 B7 B8 B9 B10 B11 B12 B13 B14 C1 C2 C3 C4 C5 C6 C7 C8 C9 C10 C11 C12 C13 C14 D1 D2 D3 D4 D5 D6 D7 D8 D9 D10 D11 D12 D13 D14 E1 E2 E3 E4 E5 E6 E7 E8 E9 E10 E11 E12 E13 E14 F1 F2 F3 F4 F5 F6 F7 F8 F9 F10 F11 F12 F13 F14 G1 G2 G3 G4 G5 G6 G7 G8 G9 G10 G11 G12 G13 G14 H1 H2 H3 H4 H5 H6 H7 H8 H9 H10 H11 H12 H13 H14 I1 I2 I3 I4 I5 I6 I7 I8 I9 I10 I11 I12 I13 I14 J1 J2 J3 J4 J5 J6 J7 J8 J9 J10 J11 J12 J13 J14 K1 K2 K3 K4 K5 K6 K7 K8 K9 K10 K11 K12 K13 K14 L1 L2 L3 L4 L5 L6 L7 L8 L9 L10 L11 L12 L13 L14 M1 M2 M3 M4 M5 M6 M7 M8 M9 M10 M11 M12 M13 M14 N1 N2 N3 N4 N5 N6 N7 N8 N9 N10 N11 N12 N13 N14');
INSERT INTO screen(screen_code, screen_name, theater_code, seats_total, screen_price, seat_code) VALUES ('BT121212', 'B관', 'T121212', 165, 11000, 'A6 A7 A8 A9 A10 A11 A12 B6 B7 B8 B9 B10 B11 B12 C1 C2 C6 C7 C8 C9 C10 C11 C12 C13 C14 D1 D2 D6 D7 D8 D9 D10 D11 D12 D13 D14 E1 E2 E3 E4 E5 E6 E7 E8 E9 E10 E11 E12 E13 E14 F1 F2 F3 F4 F5 F6 F7 F8 F9 F10 F11 F12 F13 F14 G1 G2 G3 G4 G5 G6 G7 G8 G9 G10 G11 G12 G13 G14 H1 H2 H3 H4 H5 H6 H7 H8 H9 H10 H11 H12 H13 H14 I3 I4 I5 I6 I7 I8 I9 I10 I11 I12 I13 I14 J3 J4 J5 J6 J7 J8 J9 J10 J11 J12 J13 J14 K3 K4 K5 K6 K7 K8 K9 K10 K11 K12 K13 K14 L3 L4 L5 L6 L7 L8 L9 L10 L11 L12 L13 L14 M3 M4 M5 M6 M7 M8 M9 M10 M11 M12 M13 M14 N3 N4 N5 N6 N7 N8 N9 N10 N11 N12 N13 N14');
INSERT INTO screen(screen_code, screen_name, theater_code, seats_total, screen_price, seat_code) VALUES ('AT232323', 'A관', 'T232323', 196, 10000, 'A1 A2 A3 A4 A5 A6 A7 A8 A9 A10 A11 A12 A13 A14 B1 B2 B3 B4 B5 B6 B7 B8 B9 B10 B11 B12 B13 B14 C1 C2 C3 C4 C5 C6 C7 C8 C9 C10 C11 C12 C13 C14 D1 D2 D3 D4 D5 D6 D7 D8 D9 D10 D11 D12 D13 D14 E1 E2 E3 E4 E5 E6 E7 E8 E9 E10 E11 E12 E13 E14 F1 F2 F3 F4 F5 F6 F7 F8 F9 F10 F11 F12 F13 F14 G1 G2 G3 G4 G5 G6 G7 G8 G9 G10 G11 G12 G13 G14 H1 H2 H3 H4 H5 H6 H7 H8 H9 H10 H11 H12 H13 H14 I1 I2 I3 I4 I5 I6 I7 I8 I9 I10 I11 I12 I13 I14 J1 J2 J3 J4 J5 J6 J7 J8 J9 J10 J11 J12 J13 J14 K1 K2 K3 K4 K5 K6 K7 K8 K9 K10 K11 K12 K13 K14 L1 L2 L3 L4 L5 L6 L7 L8 L9 L10 L11 L12 L13 L14 M1 M2 M3 M4 M5 M6 M7 M8 M9 M10 M11 M12 M13 M14 N1 N2 N3 N4 N5 N6 N7 N8 N9 N10 N11 N12 N13 N14');
INSERT INTO screen(screen_code, screen_name, theater_code, seats_total, screen_price, seat_code) VALUES ('BT232323', 'B관', 'T232323', 165, 11000, 'A6 A7 A8 A9 A10 A11 A12 B6 B7 B8 B9 B10 B11 B12 C1 C2 C6 C7 C8 C9 C10 C11 C12 C13 C14 D1 D2 D6 D7 D8 D9 D10 D11 D12 D13 D14 E1 E2 E3 E4 E5 E6 E7 E8 E9 E10 E11 E12 E13 E14 F1 F2 F3 F4 F5 F6 F7 F8 F9 F10 F11 F12 F13 F14 G1 G2 G3 G4 G5 G6 G7 G8 G9 G10 G11 G12 G13 G14 H1 H2 H3 H4 H5 H6 H7 H8 H9 H10 H11 H12 H13 H14 I3 I4 I5 I6 I7 I8 I9 I10 I11 I12 I13 I14 J3 J4 J5 J6 J7 J8 J9 J10 J11 J12 J13 J14 K3 K4 K5 K6 K7 K8 K9 K10 K11 K12 K13 K14 L3 L4 L5 L6 L7 L8 L9 L10 L11 L12 L13 L14 M3 M4 M5 M6 M7 M8 M9 M10 M11 M12 M13 M14 N3 N4 N5 N6 N7 N8 N9 N10 N11 N12 N13 N14');
INSERT INTO screen(screen_code, screen_name, theater_code, seats_total, screen_price, seat_code) VALUES ('AT357545', 'A관', 'T357545', 196, 10000, 'A1 A2 A3 A4 A5 A6 A7 A8 A9 A10 A11 A12 A13 A14 B1 B2 B3 B4 B5 B6 B7 B8 B9 B10 B11 B12 B13 B14 C1 C2 C3 C4 C5 C6 C7 C8 C9 C10 C11 C12 C13 C14 D1 D2 D3 D4 D5 D6 D7 D8 D9 D10 D11 D12 D13 D14 E1 E2 E3 E4 E5 E6 E7 E8 E9 E10 E11 E12 E13 E14 F1 F2 F3 F4 F5 F6 F7 F8 F9 F10 F11 F12 F13 F14 G1 G2 G3 G4 G5 G6 G7 G8 G9 G10 G11 G12 G13 G14 H1 H2 H3 H4 H5 H6 H7 H8 H9 H10 H11 H12 H13 H14 I1 I2 I3 I4 I5 I6 I7 I8 I9 I10 I11 I12 I13 I14 J1 J2 J3 J4 J5 J6 J7 J8 J9 J10 J11 J12 J13 J14 K1 K2 K3 K4 K5 K6 K7 K8 K9 K10 K11 K12 K13 K14 L1 L2 L3 L4 L5 L6 L7 L8 L9 L10 L11 L12 L13 L14 M1 M2 M3 M4 M5 M6 M7 M8 M9 M10 M11 M12 M13 M14 N1 N2 N3 N4 N5 N6 N7 N8 N9 N10 N11 N12 N13 N14');
INSERT INTO screen(screen_code, screen_name, theater_code, seats_total, screen_price, seat_code) VALUES ('BT357545', 'B관', 'T357545', 165, 11000, 'A6 A7 A8 A9 A10 A11 A12 B6 B7 B8 B9 B10 B11 B12 C1 C2 C6 C7 C8 C9 C10 C11 C12 C13 C14 D1 D2 D6 D7 D8 D9 D10 D11 D12 D13 D14 E1 E2 E3 E4 E5 E6 E7 E8 E9 E10 E11 E12 E13 E14 F1 F2 F3 F4 F5 F6 F7 F8 F9 F10 F11 F12 F13 F14 G1 G2 G3 G4 G5 G6 G7 G8 G9 G10 G11 G12 G13 G14 H1 H2 H3 H4 H5 H6 H7 H8 H9 H10 H11 H12 H13 H14 I3 I4 I5 I6 I7 I8 I9 I10 I11 I12 I13 I14 J3 J4 J5 J6 J7 J8 J9 J10 J11 J12 J13 J14 K3 K4 K5 K6 K7 K8 K9 K10 K11 K12 K13 K14 L3 L4 L5 L6 L7 L8 L9 L10 L11 L12 L13 L14 M3 M4 M5 M6 M7 M8 M9 M10 M11 M12 M13 M14 N3 N4 N5 N6 N7 N8 N9 N10 N11 N12 N13 N14');
INSERT INTO screen(screen_code, screen_name, theater_code, seats_total, screen_price, seat_code) VALUES ('AT381542', 'A관', 'T381542', 196, 10000, 'A1 A2 A3 A4 A5 A6 A7 A8 A9 A10 A11 A12 A13 A14 B1 B2 B3 B4 B5 B6 B7 B8 B9 B10 B11 B12 B13 B14 C1 C2 C3 C4 C5 C6 C7 C8 C9 C10 C11 C12 C13 C14 D1 D2 D3 D4 D5 D6 D7 D8 D9 D10 D11 D12 D13 D14 E1 E2 E3 E4 E5 E6 E7 E8 E9 E10 E11 E12 E13 E14 F1 F2 F3 F4 F5 F6 F7 F8 F9 F10 F11 F12 F13 F14 G1 G2 G3 G4 G5 G6 G7 G8 G9 G10 G11 G12 G13 G14 H1 H2 H3 H4 H5 H6 H7 H8 H9 H10 H11 H12 H13 H14 I1 I2 I3 I4 I5 I6 I7 I8 I9 I10 I11 I12 I13 I14 J1 J2 J3 J4 J5 J6 J7 J8 J9 J10 J11 J12 J13 J14 K1 K2 K3 K4 K5 K6 K7 K8 K9 K10 K11 K12 K13 K14 L1 L2 L3 L4 L5 L6 L7 L8 L9 L10 L11 L12 L13 L14 M1 M2 M3 M4 M5 M6 M7 M8 M9 M10 M11 M12 M13 M14 N1 N2 N3 N4 N5 N6 N7 N8 N9 N10 N11 N12 N13 N14');
INSERT INTO screen(screen_code, screen_name, theater_code, seats_total, screen_price, seat_code) VALUES ('BT381542', 'B관', 'T381542', 165, 11000, 'A6 A7 A8 A9 A10 A11 A12 B6 B7 B8 B9 B10 B11 B12 C1 C2 C6 C7 C8 C9 C10 C11 C12 C13 C14 D1 D2 D6 D7 D8 D9 D10 D11 D12 D13 D14 E1 E2 E3 E4 E5 E6 E7 E8 E9 E10 E11 E12 E13 E14 F1 F2 F3 F4 F5 F6 F7 F8 F9 F10 F11 F12 F13 F14 G1 G2 G3 G4 G5 G6 G7 G8 G9 G10 G11 G12 G13 G14 H1 H2 H3 H4 H5 H6 H7 H8 H9 H10 H11 H12 H13 H14 I3 I4 I5 I6 I7 I8 I9 I10 I11 I12 I13 I14 J3 J4 J5 J6 J7 J8 J9 J10 J11 J12 J13 J14 K3 K4 K5 K6 K7 K8 K9 K10 K11 K12 K13 K14 L3 L4 L5 L6 L7 L8 L9 L10 L11 L12 L13 L14 M3 M4 M5 M6 M7 M8 M9 M10 M11 M12 M13 M14 N3 N4 N5 N6 N7 N8 N9 N10 N11 N12 N13 N14');
INSERT INTO screen(screen_code, screen_name, theater_code, seats_total, screen_price, seat_code) VALUES ('AT421568', 'A관', 'T421568', 196, 10000, 'A1 A2 A3 A4 A5 A6 A7 A8 A9 A10 A11 A12 A13 A14 B1 B2 B3 B4 B5 B6 B7 B8 B9 B10 B11 B12 B13 B14 C1 C2 C3 C4 C5 C6 C7 C8 C9 C10 C11 C12 C13 C14 D1 D2 D3 D4 D5 D6 D7 D8 D9 D10 D11 D12 D13 D14 E1 E2 E3 E4 E5 E6 E7 E8 E9 E10 E11 E12 E13 E14 F1 F2 F3 F4 F5 F6 F7 F8 F9 F10 F11 F12 F13 F14 G1 G2 G3 G4 G5 G6 G7 G8 G9 G10 G11 G12 G13 G14 H1 H2 H3 H4 H5 H6 H7 H8 H9 H10 H11 H12 H13 H14 I1 I2 I3 I4 I5 I6 I7 I8 I9 I10 I11 I12 I13 I14 J1 J2 J3 J4 J5 J6 J7 J8 J9 J10 J11 J12 J13 J14 K1 K2 K3 K4 K5 K6 K7 K8 K9 K10 K11 K12 K13 K14 L1 L2 L3 L4 L5 L6 L7 L8 L9 L10 L11 L12 L13 L14 M1 M2 M3 M4 M5 M6 M7 M8 M9 M10 M11 M12 M13 M14 N1 N2 N3 N4 N5 N6 N7 N8 N9 N10 N11 N12 N13 N14');
INSERT INTO screen(screen_code, screen_name, theater_code, seats_total, screen_price, seat_code) VALUES ('BT421568', 'B관', 'T421568', 165, 11000, 'A6 A7 A8 A9 A10 A11 A12 B6 B7 B8 B9 B10 B11 B12 C1 C2 C6 C7 C8 C9 C10 C11 C12 C13 C14 D1 D2 D6 D7 D8 D9 D10 D11 D12 D13 D14 E1 E2 E3 E4 E5 E6 E7 E8 E9 E10 E11 E12 E13 E14 F1 F2 F3 F4 F5 F6 F7 F8 F9 F10 F11 F12 F13 F14 G1 G2 G3 G4 G5 G6 G7 G8 G9 G10 G11 G12 G13 G14 H1 H2 H3 H4 H5 H6 H7 H8 H9 H10 H11 H12 H13 H14 I3 I4 I5 I6 I7 I8 I9 I10 I11 I12 I13 I14 J3 J4 J5 J6 J7 J8 J9 J10 J11 J12 J13 J14 K3 K4 K5 K6 K7 K8 K9 K10 K11 K12 K13 K14 L3 L4 L5 L6 L7 L8 L9 L10 L11 L12 L13 L14 M3 M4 M5 M6 M7 M8 M9 M10 M11 M12 M13 M14 N3 N4 N5 N6 N7 N8 N9 N10 N11 N12 N13 N14');
INSERT INTO screen(screen_code, screen_name, theater_code, seats_total, screen_price, seat_code) VALUES ('AT431548', 'A관', 'T431548', 196, 10000, 'A1 A2 A3 A4 A5 A6 A7 A8 A9 A10 A11 A12 A13 A14 B1 B2 B3 B4 B5 B6 B7 B8 B9 B10 B11 B12 B13 B14 C1 C2 C3 C4 C5 C6 C7 C8 C9 C10 C11 C12 C13 C14 D1 D2 D3 D4 D5 D6 D7 D8 D9 D10 D11 D12 D13 D14 E1 E2 E3 E4 E5 E6 E7 E8 E9 E10 E11 E12 E13 E14 F1 F2 F3 F4 F5 F6 F7 F8 F9 F10 F11 F12 F13 F14 G1 G2 G3 G4 G5 G6 G7 G8 G9 G10 G11 G12 G13 G14 H1 H2 H3 H4 H5 H6 H7 H8 H9 H10 H11 H12 H13 H14 I1 I2 I3 I4 I5 I6 I7 I8 I9 I10 I11 I12 I13 I14 J1 J2 J3 J4 J5 J6 J7 J8 J9 J10 J11 J12 J13 J14 K1 K2 K3 K4 K5 K6 K7 K8 K9 K10 K11 K12 K13 K14 L1 L2 L3 L4 L5 L6 L7 L8 L9 L10 L11 L12 L13 L14 M1 M2 M3 M4 M5 M6 M7 M8 M9 M10 M11 M12 M13 M14 N1 N2 N3 N4 N5 N6 N7 N8 N9 N10 N11 N12 N13 N14');
INSERT INTO screen(screen_code, screen_name, theater_code, seats_total, screen_price, seat_code) VALUES ('BT431548', 'B관', 'T431548', 165, 11000, 'A6 A7 A8 A9 A10 A11 A12 B6 B7 B8 B9 B10 B11 B12 C1 C2 C6 C7 C8 C9 C10 C11 C12 C13 C14 D1 D2 D6 D7 D8 D9 D10 D11 D12 D13 D14 E1 E2 E3 E4 E5 E6 E7 E8 E9 E10 E11 E12 E13 E14 F1 F2 F3 F4 F5 F6 F7 F8 F9 F10 F11 F12 F13 F14 G1 G2 G3 G4 G5 G6 G7 G8 G9 G10 G11 G12 G13 G14 H1 H2 H3 H4 H5 H6 H7 H8 H9 H10 H11 H12 H13 H14 I3 I4 I5 I6 I7 I8 I9 I10 I11 I12 I13 I14 J3 J4 J5 J6 J7 J8 J9 J10 J11 J12 J13 J14 K3 K4 K5 K6 K7 K8 K9 K10 K11 K12 K13 K14 L3 L4 L5 L6 L7 L8 L9 L10 L11 L12 L13 L14 M3 M4 M5 M6 M7 M8 M9 M10 M11 M12 M13 M14 N3 N4 N5 N6 N7 N8 N9 N10 N11 N12 N13 N14');
INSERT INTO screen(screen_code, screen_name, theater_code, seats_total, screen_price, seat_code) VALUES ('AT546111', 'A관', 'T546111', 196, 10000, 'A1 A2 A3 A4 A5 A6 A7 A8 A9 A10 A11 A12 A13 A14 B1 B2 B3 B4 B5 B6 B7 B8 B9 B10 B11 B12 B13 B14 C1 C2 C3 C4 C5 C6 C7 C8 C9 C10 C11 C12 C13 C14 D1 D2 D3 D4 D5 D6 D7 D8 D9 D10 D11 D12 D13 D14 E1 E2 E3 E4 E5 E6 E7 E8 E9 E10 E11 E12 E13 E14 F1 F2 F3 F4 F5 F6 F7 F8 F9 F10 F11 F12 F13 F14 G1 G2 G3 G4 G5 G6 G7 G8 G9 G10 G11 G12 G13 G14 H1 H2 H3 H4 H5 H6 H7 H8 H9 H10 H11 H12 H13 H14 I1 I2 I3 I4 I5 I6 I7 I8 I9 I10 I11 I12 I13 I14 J1 J2 J3 J4 J5 J6 J7 J8 J9 J10 J11 J12 J13 J14 K1 K2 K3 K4 K5 K6 K7 K8 K9 K10 K11 K12 K13 K14 L1 L2 L3 L4 L5 L6 L7 L8 L9 L10 L11 L12 L13 L14 M1 M2 M3 M4 M5 M6 M7 M8 M9 M10 M11 M12 M13 M14 N1 N2 N3 N4 N5 N6 N7 N8 N9 N10 N11 N12 N13 N14');
INSERT INTO screen(screen_code, screen_name, theater_code, seats_total, screen_price, seat_code) VALUES ('BT546111', 'B관', 'T546111', 165, 11000, 'A6 A7 A8 A9 A10 A11 A12 B6 B7 B8 B9 B10 B11 B12 C1 C2 C6 C7 C8 C9 C10 C11 C12 C13 C14 D1 D2 D6 D7 D8 D9 D10 D11 D12 D13 D14 E1 E2 E3 E4 E5 E6 E7 E8 E9 E10 E11 E12 E13 E14 F1 F2 F3 F4 F5 F6 F7 F8 F9 F10 F11 F12 F13 F14 G1 G2 G3 G4 G5 G6 G7 G8 G9 G10 G11 G12 G13 G14 H1 H2 H3 H4 H5 H6 H7 H8 H9 H10 H11 H12 H13 H14 I3 I4 I5 I6 I7 I8 I9 I10 I11 I12 I13 I14 J3 J4 J5 J6 J7 J8 J9 J10 J11 J12 J13 J14 K3 K4 K5 K6 K7 K8 K9 K10 K11 K12 K13 K14 L3 L4 L5 L6 L7 L8 L9 L10 L11 L12 L13 L14 M3 M4 M5 M6 M7 M8 M9 M10 M11 M12 M13 M14 N3 N4 N5 N6 N7 N8 N9 N10 N11 N12 N13 N14');
INSERT INTO screen(screen_code, screen_name, theater_code, seats_total, screen_price, seat_code) VALUES ('AT745868', 'A관', 'T745868', 196, 10000, 'A1 A2 A3 A4 A5 A6 A7 A8 A9 A10 A11 A12 A13 A14 B1 B2 B3 B4 B5 B6 B7 B8 B9 B10 B11 B12 B13 B14 C1 C2 C3 C4 C5 C6 C7 C8 C9 C10 C11 C12 C13 C14 D1 D2 D3 D4 D5 D6 D7 D8 D9 D10 D11 D12 D13 D14 E1 E2 E3 E4 E5 E6 E7 E8 E9 E10 E11 E12 E13 E14 F1 F2 F3 F4 F5 F6 F7 F8 F9 F10 F11 F12 F13 F14 G1 G2 G3 G4 G5 G6 G7 G8 G9 G10 G11 G12 G13 G14 H1 H2 H3 H4 H5 H6 H7 H8 H9 H10 H11 H12 H13 H14 I1 I2 I3 I4 I5 I6 I7 I8 I9 I10 I11 I12 I13 I14 J1 J2 J3 J4 J5 J6 J7 J8 J9 J10 J11 J12 J13 J14 K1 K2 K3 K4 K5 K6 K7 K8 K9 K10 K11 K12 K13 K14 L1 L2 L3 L4 L5 L6 L7 L8 L9 L10 L11 L12 L13 L14 M1 M2 M3 M4 M5 M6 M7 M8 M9 M10 M11 M12 M13 M14 N1 N2 N3 N4 N5 N6 N7 N8 N9 N10 N11 N12 N13 N14');
INSERT INTO screen(screen_code, screen_name, theater_code, seats_total, screen_price, seat_code) VALUES ('BT745868', 'B관', 'T745868', 165, 11000, 'A6 A7 A8 A9 A10 A11 A12 B6 B7 B8 B9 B10 B11 B12 C1 C2 C6 C7 C8 C9 C10 C11 C12 C13 C14 D1 D2 D6 D7 D8 D9 D10 D11 D12 D13 D14 E1 E2 E3 E4 E5 E6 E7 E8 E9 E10 E11 E12 E13 E14 F1 F2 F3 F4 F5 F6 F7 F8 F9 F10 F11 F12 F13 F14 G1 G2 G3 G4 G5 G6 G7 G8 G9 G10 G11 G12 G13 G14 H1 H2 H3 H4 H5 H6 H7 H8 H9 H10 H11 H12 H13 H14 I3 I4 I5 I6 I7 I8 I9 I10 I11 I12 I13 I14 J3 J4 J5 J6 J7 J8 J9 J10 J11 J12 J13 J14 K3 K4 K5 K6 K7 K8 K9 K10 K11 K12 K13 K14 L3 L4 L5 L6 L7 L8 L9 L10 L11 L12 L13 L14 M3 M4 M5 M6 M7 M8 M9 M10 M11 M12 M13 M14 N3 N4 N5 N6 N7 N8 N9 N10 N11 N12 N13 N14');

